{
    "$schema": "https://schema.management.azure.com/schemas/2015-01-01/deploymentTemplate.json#",
    "contentVersion": "1.0.0.0",
    "parameters": {
        "hostingEnvironments_emranhossain_environment_workerPools": {
            "type": "Array"
        },
        "hostingEnvironments_emranhossain_environment_name": {
            "defaultValue": "emranhossain-environment",
            "type": "String"
        },
        "virtualNetworks_emranhossain_vnet_externalid": {
            "defaultValue": "/subscriptions/6690b014-bdbd-4496-98ee-f2f255699f70/resourceGroups/emran-hossain/providers/Microsoft.Network/virtualNetworks/emranhossain-vnet",
            "type": "String"
        }
    },
    "variables": {},
    "resources": [
        {
            "type": "Microsoft.Web/hostingEnvironments",
            "apiVersion": "2018-02-01",
            "name": "[parameters('hostingEnvironments_emranhossain_environment_name')]",
            "location": "Central US",
            "kind": "ASEV2",
            "properties": {
                "name": "[parameters('hostingEnvironments_emranhossain_environment_name')]",
                "location": "Central US",
                "vnetName": "emranhossain-vnet",
                "vnetResourceGroupName": "emran-hossain",
                "vnetSubnetName": "emranhossain2",
                "virtualNetwork": {
                    "id": "[parameters('virtualNetworks_emranhossain_vnet_externalid')]",
                    "subnet": "emranhossain2"
                },
                "internalLoadBalancingMode": "Web, Publishing",
                "multiSize": "Standard_D1_V2",
                "multiRoleCount": 2,
                "ipsslAddressCount": 0,
                "dnsSuffix": "[concat(parameters('hostingEnvironments_emranhossain_environment_name'), '.appserviceenvironment.net')]",
                "networkAccessControlList": [],
                "frontEndScaleFactor": 15,
                "suspended": false,
                "hasLinuxWorkers": false,
                "workerPools": "[parameters('hostingEnvironments_emranhossain_environment_workerPools')]"
            }
        },
        {
            "type": "Microsoft.Web/hostingEnvironments/multiRolePools",
            "apiVersion": "2018-02-01",
            "name": "[concat(parameters('hostingEnvironments_emranhossain_environment_name'), '/default')]",
            "location": "Central US",
            "dependsOn": [
                "[resourceId('Microsoft.Web/hostingEnvironments', parameters('hostingEnvironments_emranhossain_environment_name'))]"
            ],
            "sku": {
                "name": "Q1",
                "tier": "Quantum",
                "size": "Q1",
                "family": "Q",
                "capacity": 2
            },
            "properties": {
                "workerSize": "Standard_D1_V2",
                "workerCount": 2
            }
        }
    ]
}